station,issued[UTC],primaryname,primaryunits,secondaryname,secondaryunits,forecast_valid[UTC],primary_value,secondary_value
BXAL1,2026-09-24 14:13,Stage,ft,Flow,kcfs,2026-09-24 18:00,6.3,1.77
BXAL1,2026-09-24 14:13,Stage,ft,Flow,kcfs,2026-09-25 00:00,6.2,1.69
BXAL1,2026-09-24 14:13,Stage,ft,Flow,kcfs,2026-09-25 06:00,6.2,1.69
BXAL1,2026-09-24 14:13,Stage,ft,Flow,kcfs,2026-09-25 12:00,6.2,1.69
BXAL1,2026-09-24 14:13,Stage,ft,Flow,kcfs,2026-09-25 18:00,6.2,1.69
BXAL1,2026-09-24 14:13,Stage,ft,Flow,kcfs,2026-09-26 00:00,6.2,1.69
BXAL1,2026-09-24 14:13,Stage,ft,Flow,kcfs,2026-09-26 06:00,6.2,1.69
BXAL1,2026-09-24 14:13,Stage,ft,Flow,kcfs,2026-09-26 12:00,6.2,1.69
BXAL1,2026-09-24 14:13,Stage,ft,Flow,kcfs,2026-09-26 18:00,6.2,1.69
BXAL1,2026-09-24 14:13,Stage,ft,Flow,kcfs,2026-09-27 00:00,6.2,1.69
BXAL1,2026-09-24 14:13,Stage,ft,Flow,kcfs,2026-09-27 06:00,6.2,1.69
BXAL1,2026-09-24 14:13,Stage,ft,Flow,kcfs,2026-09-27 12:00,6.2,1.69
BXAL1,2026-09-24 14:13,Stage,ft,Flow,kcfs,2026-09-27 18:00,6.2,1.69
BXAL1,2026-09-24 14:13,Stage,ft,Flow,kcfs,2026-09-28 00:00,6.2,1.69
BXAL1,2026-09-24 14:13,Stage,ft,Flow,kcfs,2026-09-28 06:00,6.2,1.69
BXAL1,2026-09-24 14:13,Stage,ft,Flow,kcfs,2026-09-28 12:00,6.2,1.69
BXAL1,2026-09-24 14:13,Stage,ft,Flow,kcfs,2026-09-28 18:00,6.2,1.69
BXAL1,2026-09-24 14:13,Stage,ft,Flow,kcfs,2026-09-29 00:00,6.2,1.69
BXAL1,2026-09-24 14:13,Stage,ft,Flow,kcfs,2026-09-29 06:00,6.2,1.69
BXAL1,2026-09-24 14:13,Stage,ft,Flow,kcfs,2026-09-29 12:00,6.2,1.69
BXAL1,2026-09-24 14:13,Stage,ft,Flow,kcfs,2026-09-29 18:00,6.2,1.69
BXAL1,2026-09-24 14:13,Stage,ft,Flow,kcfs,2026-09-30 00:00,6.2,1.69
BXAL1,2026-09-24 14:13,Stage,ft,Flow,kcfs,2026-09-30 06:00,6.2,1.69
BXAL1,2026-09-24 14:13,Stage,ft,Flow,kcfs,2026-09-30 12:00,6.1,1.62
BXAL1,2026-09-24 14:13,Stage,ft,Flow,kcfs,2026-09-30 18:00,6.1,1.62
BXAL1,2026-09-24 14:13,Stage,ft,Flow,kcfs,2026-10-01 00:00,6.1,1.62
BXAL1,2026-09-24 14:13,Stage,ft,Flow,kcfs,2026-10-01 06:00,6.1,1.62
BXAL1,2026-09-24 14:13,Stage,ft,Flow,kcfs,2026-10-01 12:00,6.1,1.62
BXAL1,2026-09-24 14:13,Stage,ft,Flow,kcfs,2026-10-01 18:00,6.1,1.62
BXAL1,2026-09-24 14:13,Stage,ft,Flow,kcfs,2026-10-02 00:00,6.1,1.62
BXAL1,2026-09-24 14:13,Stage,ft,Flow,kcfs,2026-10-02 06:00,6.1,1.62
BXAL1,2026-09-24 14:13,Stage,ft,Flow,kcfs,2026-10-02 12:00,6.1,1.62
BXAL1,2026-09-24 14:13,Stage,ft,Flow,kcfs,2026-10-02 18:00,6.1,1.62
BXAL1,2026-09-24 14:13,Stage,ft,Flow,kcfs,2026-10-03 00:00,6.1,1.62
BXAL1,2026-09-24 14:13,Stage,ft,Flow,kcfs,2026-10-03 06:00,6.1,1.62
BXAL1,2026-09-24 14:13,Stage,ft,Flow,kcfs,2026-10-03 12:00,6.1,1.62
BXAL1,2026-09-24 14:13,Stage,ft,Flow,kcfs,2026-10-03 18:00,6.1,1.62
BXAL1,2026-09-24 14:13,Stage,ft,Flow,kcfs,2026-10-04 00:00,6.1,1.62
BXAL1,2026-09-24 14:13,Stage,ft,Flow,kcfs,2026-10-04 06:00,6.1,1.62
BXAL1,2026-09-24 14:13,Stage,ft,Flow,kcfs,2026-10-04 12:00,6.1,1.62
BXAL1,2026-09-25 13:02,Stage,ft,Flow,kcfs,2026-09-25 18:00,6.2,1.69
BXAL1,2026-09-25 13:02,Stage,ft,Flow,kcfs,2026-09-26 00:00,6.2,1.69
BXAL1,2026-09-25 13:02,Stage,ft,Flow,kcfs,2026-09-26 06:00,6.2,1.69
BXAL1,2026-09-25 13:02,Stage,ft,Flow,kcfs,2026-09-26 12:00,6.2,1.69
BXAL1,2026-09-25 13:02,Stage,ft,Flow,kcfs,2026-09-26 18:00,6.2,1.69
BXAL1,2026-09-25 13:02,Stage,ft,Flow,kcfs,2026-09-27 00:00,6.2,1.69
BXAL1,2026-09-25 13:02,Stage,ft,Flow,kcfs,2026-09-27 06:00,6.2,1.69
BXAL1,2026-09-25 13:02,Stage,ft,Flow,kcfs,2026-09-27 12:00,6.2,1.69
BXAL1,2026-09-25 13:02,Stage,ft,Flow,kcfs,2026-09-27 18:00,6.2,1.69
BXAL1,2026-09-25 13:02,Stage,ft,Flow,kcfs,2026-09-28 00:00,6.2,1.69
BXAL1,2026-09-25 13:02,Stage,ft,Flow,kcfs,2026-09-28 06:00,6.2,1.69
BXAL1,2026-09-25 13:02,Stage,ft,Flow,kcfs,2026-09-28 12:00,6.2,1.69
BXAL1,2026-09-25 13:02,Stage,ft,Flow,kcfs,2026-09-28 18:00,6.2,1.69
BXAL1,2026-09-25 13:02,Stage,ft,Flow,kcfs,2026-09-29 00:00,6.2,1.69
BXAL1,2026-09-25 13:02,Stage,ft,Flow,kcfs,2026-09-29 06:00,6.2,1.69
BXAL1,2026-09-25 13:02,Stage,ft,Flow,kcfs,2026-09-29 12:00,6.2,1.69
BXAL1,2026-09-25 13:02,Stage,ft,Flow,kcfs,2026-09-29 18:00,6.2,1.69
BXAL1,2026-09-25 13:02,Stage,ft,Flow,kcfs,2026-09-30 00:00,6.2,1.69
BXAL1,2026-09-25 13:02,Stage,ft,Flow,kcfs,2026-09-30 06:00,6.2,1.69
BXAL1,2026-09-25 13:02,Stage,ft,Flow,kcfs,2026-09-30 12:00,6.2,1.69
BXAL1,2026-09-25 13:02,Stage,ft,Flow,kcfs,2026-09-30 18:00,6.2,1.69
BXAL1,2026-09-25 13:02,Stage,ft,Flow,kcfs,2026-10-01 00:00,6.2,1.69
BXAL1,2026-09-25 13:02,Stage,ft,Flow,kcfs,2026-10-01 06:00,6.2,1.69
BXAL1,2026-09-25 13:02,Stage,ft,Flow,kcfs,2026-10-01 12:00,6.2,1.69
BXAL1,2026-09-25 13:02,Stage,ft,Flow,kcfs,2026-10-01 18:00,6.2,1.69
BXAL1,2026-09-25 13:02,Stage,ft,Flow,kcfs,2026-10-02 00:00,6.2,1.69
BXAL1,2026-09-25 13:02,Stage,ft,Flow,kcfs,2026-10-02 06:00,6.2,1.69
BXAL1,2026-09-25 13:02,Stage,ft,Flow,kcfs,2026-10-02 12:00,6.1,1.62
BXAL1,2026-09-25 13:02,Stage,ft,Flow,kcfs,2026-10-02 18:00,6.1,1.62
BXAL1,2026-09-25 13:02,Stage,ft,Flow,kcfs,2026-10-03 00:00,6.1,1.62
BXAL1,2026-09-25 13:02,Stage,ft,Flow,kcfs,2026-10-03 06:00,6.1,1.62
BXAL1,2026-09-25 13:02,Stage,ft,Flow,kcfs,2026-10-03 12:00,6.1,1.62
BXAL1,2026-09-25 13:02,Stage,ft,Flow,kcfs,2026-10-03 18:00,6.1,1.62
BXAL1,2026-09-25 13:02,Stage,ft,Flow,kcfs,2026-10-04 00:00,6.1,1.62
BXAL1,2026-09-25 13:02,Stage,ft,Flow,kcfs,2026-10-04 06:00,6.1,1.62
BXAL1,2026-09-25 13:02,Stage,ft,Flow,kcfs,2026-10-04 12:00,6.1,1.62
BXAL1,2026-09-25 13:02,Stage,ft,Flow,kcfs,2026-10-04 18:00,6.1,1.62
BXAL1,2026-09-25 13:02,Stage,ft,Flow,kcfs,2026-10-05 00:00,6.1,1.62
BXAL1,2026-09-25 13:02,Stage,ft,Flow,kcfs,2026-10-05 06:00,6.1,1.62
BXAL1,2026-09-25 13:02,Stage,ft,Flow,kcfs,2026-10-05 12:00,6.1,1.62
BXAL1,2026-09-26 13:47,Stage,ft,Flow,kcfs,2026-09-26 18:00,6.2,1.69
BXAL1,2026-09-26 13:47,Stage,ft,Flow,kcfs,2026-09-27 00:00,6.2,1.69
BXAL1,2026-09-26 13:47,Stage,ft,Flow,kcfs,2026-09-27 06:00,6.2,1.69
BXAL1,2026-09-26 13:47,Stage,ft,Flow,kcfs,2026-09-27 12:00,6.2,1.69
BXAL1,2026-09-26 13:47,Stage,ft,Flow,kcfs,2026-09-27 18:00,6.2,1.69
BXAL1,2026-09-26 13:47,Stage,ft,Flow,kcfs,2026-09-28 00:00,6.2,1.69
BXAL1,2026-09-26 13:47,Stage,ft,Flow,kcfs,2026-09-28 06:00,6.2,1.69
BXAL1,2026-09-26 13:47,Stage,ft,Flow,kcfs,2026-09-28 12:00,6.2,1.69
BXAL1,2026-09-26 13:47,Stage,ft,Flow,kcfs,2026-09-28 18:00,6.2,1.69
BXAL1,2026-09-26 13:47,Stage,ft,Flow,kcfs,2026-09-29 00:00,6.2,1.69
BXAL1,2026-09-26 13:47,Stage,ft,Flow,kcfs,2026-09-29 06:00,6.2,1.69
BXAL1,2026-09-26 13:47,Stage,ft,Flow,kcfs,2026-09-29 12:00,6.2,1.69
BXAL1,2026-09-26 13:47,Stage,ft,Flow,kcfs,2026-09-29 18:00,6.2,1.69
BXAL1,2026-09-26 13:47,Stage,ft,Flow,kcfs,2026-09-30 00:00,6.2,1.69
BXAL1,2026-09-26 13:47,Stage,ft,Flow,kcfs,2026-09-30 06:00,6.2,1.69
BXAL1,2026-09-26 13:47,Stage,ft,Flow,kcfs,2026-09-30 12:00,6.1,1.62
BXAL1,2026-09-26 13:47,Stage,ft,Flow,kcfs,2026-09-30 18:00,6.1,1.62
BXAL1,2026-09-26 13:47,Stage,ft,Flow,kcfs,2026-10-01 00:00,6.1,1.62
BXAL1,2026-09-26 13:47,Stage,ft,Flow,kcfs,2026-10-01 06:00,6.1,1.62
BXAL1,2026-09-26 13:47,Stage,ft,Flow,kcfs,2026-10-01 12:00,6.1,1.62
BXAL1,2026-09-26 13:47,Stage,ft,Flow,kcfs,2026-10-01 18:00,6.1,1.62
BXAL1,2026-09-26 13:47,Stage,ft,Flow,kcfs,2026-10-02 00:00,6.1,1.62
BXAL1,2026-09-26 13:47,Stage,ft,Flow,kcfs,2026-10-02 06:00,6.1,1.62
BXAL1,2026-09-26 13:47,Stage,ft,Flow,kcfs,2026-10-02 12:00,6.1,1.62
BXAL1,2026-09-26 13:47,Stage,ft,Flow,kcfs,2026-10-02 18:00,6.1,1.62
BXAL1,2026-09-26 13:47,Stage,ft,Flow,kcfs,2026-10-03 00:00,6.1,1.62
BXAL1,2026-09-26 13:47,Stage,ft,Flow,kcfs,2026-10-03 06:00,6.1,1.62
BXAL1,2026-09-26 13:47,Stage,ft,Flow,kcfs,2026-10-03 12:00,6.1,1.62
BXAL1,2026-09-26 13:47,Stage,ft,Flow,kcfs,2026-10-03 18:00,6.1,1.62
BXAL1,2026-09-26 13:47,Stage,ft,Flow,kcfs,2026-10-04 00:00,6.1,1.62
BXAL1,2026-09-26 13:47,Stage,ft,Flow,kcfs,2026-10-04 06:00,6.1,1.62
BXAL1,2026-09-26 13:47,Stage,ft,Flow,kcfs,2026-10-04 12:00,6.1,1.62
BXAL1,2026-09-26 13:47,Stage,ft,Flow,kcfs,2026-10-04 18:00,6.1,1.62
BXAL1,2026-09-26 13:47,Stage,ft,Flow,kcfs,2026-10-05 00:00,6.1,1.62
BXAL1,2026-09-26 13:47,Stage,ft,Flow,kcfs,2026-10-05 06:00,6.1,1.62
BXAL1,2026-09-26 13:47,Stage,ft,Flow,kcfs,2026-10-05 12:00,6.1,1.62
BXAL1,2026-09-26 13:47,Stage,ft,Flow,kcfs,2026-10-05 18:00,6.1,1.62
BXAL1,2026-09-26 13:47,Stage,ft,Flow,kcfs,2026-10-06 00:00,6.1,1.62
BXAL1,2026-09-26 13:47,Stage,ft,Flow,kcfs,2026-10-06 06:00,6.1,1.62
BXAL1,2026-09-26 13:47,Stage,ft,Flow,kcfs,2026-10-06 12:00,6.1,1.62
BXAL1,2026-09-27 13:29,Stage,ft,Flow,kcfs,2026-09-27 18:00,6.2,1.69
BXAL1,2026-09-27 13:29,Stage,ft,Flow,kcfs,2026-09-28 00:00,6.2,1.69
BXAL1,2026-09-27 13:29,Stage,ft,Flow,kcfs,2026-09-28 06:00,6.2,1.69
BXAL1,2026-09-27 13:29,Stage,ft,Flow,kcfs,2026-09-28 12:00,6.2,1.69
BXAL1,2026-09-27 13:29,Stage,ft,Flow,kcfs,2026-09-28 18:00,6.2,1.69
BXAL1,2026-09-27 13:29,Stage,ft,Flow,kcfs,2026-09-29 00:00,6.2,1.69
BXAL1,2026-09-27 13:29,Stage,ft,Flow,kcfs,2026-09-29 06:00,6.2,1.69
BXAL1,2026-09-27 13:29,Stage,ft,Flow,kcfs,2026-09-29 12:00,6.2,1.69
BXAL1,2026-09-27 13:29,Stage,ft,Flow,kcfs,2026-09-29 18:00,6.2,1.69
BXAL1,2026-09-27 13:29,Stage,ft,Flow,kcfs,2026-09-30 00:00,6.2,1.69
BXAL1,2026-09-27 13:29,Stage,ft,Flow,kcfs,2026-09-30 06:00,6.2,1.69
BXAL1,2026-09-27 13:29,Stage,ft,Flow,kcfs,2026-09-30 12:00,6.2,1.69
BXAL1,2026-09-27 13:29,Stage,ft,Flow,kcfs,2026-09-30 18:00,6.2,1.69
BXAL1,2026-09-27 13:29,Stage,ft,Flow,kcfs,2026-10-01 00:00,6.2,1.69
BXAL1,2026-09-27 13:29,Stage,ft,Flow,kcfs,2026-10-01 06:00,6.2,1.69
BXAL1,2026-09-27 13:29,Stage,ft,Flow,kcfs,2026-10-01 12:00,6.2,1.69
BXAL1,2026-09-27 13:29,Stage,ft,Flow,kcfs,2026-10-01 18:00,6.2,1.69
BXAL1,2026-09-27 13:29,Stage,ft,Flow,kcfs,2026-10-02 00:00,6.2,1.69
BXAL1,2026-09-27 13:29,Stage,ft,Flow,kcfs,2026-10-02 06:00,6.2,1.69
BXAL1,2026-09-27 13:29,Stage,ft,Flow,kcfs,2026-10-02 12:00,6.2,1.69
BXAL1,2026-09-27 13:29,Stage,ft,Flow,kcfs,2026-10-02 18:00,6.2,1.69
BXAL1,2026-09-27 13:29,Stage,ft,Flow,kcfs,2026-10-03 00:00,6.2,1.69
BXAL1,2026-09-27 13:29,Stage,ft,Flow,kcfs,2026-10-03 06:00,6.2,1.69
BXAL1,2026-09-27 13:29,Stage,ft,Flow,kcfs,2026-10-03 12:00,6.2,1.69
BXAL1,2026-09-27 13:29,Stage,ft,Flow,kcfs,2026-10-03 18:00,6.1,1.62
BXAL1,2026-09-27 13:29,Stage,ft,Flow,kcfs,2026-10-04 00:00,6.1,1.62
BXAL1,2026-09-27 13:29,Stage,ft,Flow,kcfs,2026-10-04 06:00,6.1,1.62
BXAL1,2026-09-27 13:29,Stage,ft,Flow,kcfs,2026-10-04 12:00,6.1,1.62
BXAL1,2026-09-27 13:29,Stage,ft,Flow,kcfs,2026-10-04 18:00,6.1,1.62
BXAL1,2026-09-27 13:29,Stage,ft,Flow,kcfs,2026-10-05 00:00,6.1,1.62
BXAL1,2026-09-27 13:29,Stage,ft,Flow,kcfs,2026-10-05 06:00,6.1,1.62
BXAL1,2026-09-27 13:29,Stage,ft,Flow,kcfs,2026-10-05 12:00,6.1,1.62
BXAL1,2026-09-27 13:29,Stage,ft,Flow,kcfs,2026-10-05 18:00,6.1,1.62
BXAL1,2026-09-27 13:29,Stage,ft,Flow,kcfs,2026-10-06 00:00,6.1,1.62
BXAL1,2026-09-27 13:29,Stage,ft,Flow,kcfs,2026-10-06 06:00,6.1,1.62
BXAL1,2026-09-27 13:29,Stage,ft,Flow,kcfs,2026-10-06 12:00,6.1,1.62
BXAL1,2026-09-27 13:29,Stage,ft,Flow,kcfs,2026-10-06 18:00,6.1,1.62
BXAL1,2026-09-27 13:29,Stage,ft,Flow,kcfs,2026-10-07 00:00,6.1,1.62
BXAL1,2026-09-27 13:29,Stage,ft,Flow,kcfs,2026-10-07 06:00,6.1,1.62
BXAL1,2026-09-27 13:29,Stage,ft,Flow,kcfs,2026-10-07 12:00,6.1,1.62
BXAL1,2026-09-28 13:41,Stage,ft,Flow,kcfs,2026-09-28 18:00,6.2,1.69
BXAL1,2026-09-28 13:41,Stage,ft,Flow,kcfs,2026-09-29 00:00,6.1,1.62
BXAL1,2026-09-28 13:41,Stage,ft,Flow,kcfs,2026-09-29 06:00,6.1,1.62
BXAL1,2026-09-28 13:41,Stage,ft,Flow,kcfs,2026-09-29 12:00,6.1,1.62
BXAL1,2026-09-28 13:41,Stage,ft,Flow,kcfs,2026-09-29 18:00,6.1,1.62
BXAL1,2026-09-28 13:41,Stage,ft,Flow,kcfs,2026-09-30 00:00,6.1,1.62
BXAL1,2026-09-28 13:41,Stage,ft,Flow,kcfs,2026-09-30 06:00,6.1,1.62
BXAL1,2026-09-28 13:41,Stage,ft,Flow,kcfs,2026-09-30 12:00,6.1,1.62
BXAL1,2026-09-28 13:41,Stage,ft,Flow,kcfs,2026-09-30 18:00,6.1,1.62
BXAL1,2026-09-28 13:41,Stage,ft,Flow,kcfs,2026-10-01 00:00,6.1,1.62
BXAL1,2026-09-28 13:41,Stage,ft,Flow,kcfs,2026-10-01 06:00,6.1,1.62
BXAL1,2026-09-28 13:41,Stage,ft,Flow,kcfs,2026-10-01 12:00,6.1,1.62
BXAL1,2026-09-28 13:41,Stage,ft,Flow,kcfs,2026-10-01 18:00,6.1,1.62
BXAL1,2026-09-28 13:41,Stage,ft,Flow,kcfs,2026-10-02 00:00,6.1,1.62
BXAL1,2026-09-28 13:41,Stage,ft,Flow,kcfs,2026-10-02 06:00,6.1,1.62
BXAL1,2026-09-28 13:41,Stage,ft,Flow,kcfs,2026-10-02 12:00,6.1,1.62
BXAL1,2026-09-28 13:41,Stage,ft,Flow,kcfs,2026-10-02 18:00,6.1,1.62
BXAL1,2026-09-28 13:41,Stage,ft,Flow,kcfs,2026-10-03 00:00,6.1,1.62
BXAL1,2026-09-28 13:41,Stage,ft,Flow,kcfs,2026-10-03 06:00,6.1,1.62
BXAL1,2026-09-28 13:41,Stage,ft,Flow,kcfs,2026-10-03 12:00,6.1,1.62
BXAL1,2026-09-28 13:41,Stage,ft,Flow,kcfs,2026-10-03 18:00,6.1,1.62
BXAL1,2026-09-28 13:41,Stage,ft,Flow,kcfs,2026-10-04 00:00,6.1,1.62
BXAL1,2026-09-28 13:41,Stage,ft,Flow,kcfs,2026-10-04 06:00,6.1,1.62
BXAL1,2026-09-28 13:41,Stage,ft,Flow,kcfs,2026-10-04 12:00,6.1,1.62
BXAL1,2026-09-28 13:41,Stage,ft,Flow,kcfs,2026-10-04 18:00,6.1,1.62
BXAL1,2026-09-28 13:41,Stage,ft,Flow,kcfs,2026-10-05 00:00,6.1,1.62
BXAL1,2026-09-28 13:41,Stage,ft,Flow,kcfs,2026-10-05 06:00,6.1,1.62
BXAL1,2026-09-28 13:41,Stage,ft,Flow,kcfs,2026-10-05 12:00,6.1,1.62
BXAL1,2026-09-28 13:41,Stage,ft,Flow,kcfs,2026-10-05 18:00,6.1,1.62
BXAL1,2026-09-28 13:41,Stage,ft,Flow,kcfs,2026-10-06 00:00,6.1,1.62
BXAL1,2026-09-28 13:41,Stage,ft,Flow,kcfs,2026-10-06 06:00,6.1,1.62
BXAL1,2026-09-28 13:41,Stage,ft,Flow,kcfs,2026-10-06 12:00,6.1,1.62
BXAL1,2026-09-28 13:41,Stage,ft,Flow,kcfs,2026-10-06 18:00,6.1,1.62
BXAL1,2026-09-28 13:41,Stage,ft,Flow,kcfs,2026-10-07 00:00,6.1,1.62
BXAL1,2026-09-28 13:41,Stage,ft,Flow,kcfs,2026-10-07 06:00,6.1,1.62
BXAL1,2026-09-28 13:41,Stage,ft,Flow,kcfs,2026-10-07 12:00,6.1,1.62
BXAL1,2026-09-28 13:41,Stage,ft,Flow,kcfs,2026-10-07 18:00,6.1,1.62
BXAL1,2026-09-28 13:41,Stage,ft,Flow,kcfs,2026-10-08 00:00,6.1,1.62
BXAL1,2026-09-28 13:41,Stage,ft,Flow,kcfs,2026-10-08 06:00,6.1,1.62
BXAL1,2026-09-28 13:41,Stage,ft,Flow,kcfs,2026-10-08 12:00,6.1,1.62
BXAL1,2026-09-29 12:56,Stage,ft,Flow,kcfs,2026-09-29 18:00,6.1,1.62
BXAL1,2026-09-29 12:56,Stage,ft,Flow,kcfs,2026-09-30 00:00,6.1,1.62
BXAL1,2026-09-29 12:56,Stage,ft,Flow,kcfs,2026-09-30 06:00,6.1,1.62
BXAL1,2026-09-29 12:56,Stage,ft,Flow,kcfs,2026-09-30 12:00,6.1,1.62
BXAL1,2026-09-29 12:56,Stage,ft,Flow,kcfs,2026-09-30 18:00,6.1,1.62
BXAL1,2026-09-29 12:56,Stage,ft,Flow,kcfs,2026-10-01 00:00,6.1,1.62
BXAL1,2026-09-29 12:56,Stage,ft,Flow,kcfs,2026-10-01 06:00,6.1,1.62
BXAL1,2026-09-29 12:56,Stage,ft,Flow,kcfs,2026-10-01 12:00,6.1,1.62
BXAL1,2026-09-29 12:56,Stage,ft,Flow,kcfs,2026-10-01 18:00,6.1,1.62
BXAL1,2026-09-29 12:56,Stage,ft,Flow,kcfs,2026-10-02 00:00,6.1,1.62
BXAL1,2026-09-29 12:56,Stage,ft,Flow,kcfs,2026-10-02 06:00,6.1,1.62
BXAL1,2026-09-29 12:56,Stage,ft,Flow,kcfs,2026-10-02 12:00,6.1,1.62
BXAL1,2026-09-29 12:56,Stage,ft,Flow,kcfs,2026-10-02 18:00,6.1,1.62
BXAL1,2026-09-29 12:56,Stage,ft,Flow,kcfs,2026-10-03 00:00,6.1,1.62
BXAL1,2026-09-29 12:56,Stage,ft,Flow,kcfs,2026-10-03 06:00,6.1,1.62
BXAL1,2026-09-29 12:56,Stage,ft,Flow,kcfs,2026-10-03 12:00,6.1,1.62
BXAL1,2026-09-29 12:56,Stage,ft,Flow,kcfs,2026-10-03 18:00,6.1,1.62
BXAL1,2026-09-29 12:56,Stage,ft,Flow,kcfs,2026-10-04 00:00,6.1,1.62
BXAL1,2026-09-29 12:56,Stage,ft,Flow,kcfs,2026-10-04 06:00,6.1,1.62
BXAL1,2026-09-29 12:56,Stage,ft,Flow,kcfs,2026-10-04 12:00,6.1,1.62
BXAL1,2026-09-29 12:56,Stage,ft,Flow,kcfs,2026-10-04 18:00,6.1,1.62
BXAL1,2026-09-29 12:56,Stage,ft,Flow,kcfs,2026-10-05 00:00,6.0,1.56
BXAL1,2026-09-29 12:56,Stage,ft,Flow,kcfs,2026-10-05 06:00,6.0,1.56
BXAL1,2026-09-29 12:56,Stage,ft,Flow,kcfs,2026-10-05 12:00,6.0,1.56
BXAL1,2026-09-29 12:56,Stage,ft,Flow,kcfs,2026-10-05 18:00,6.0,1.56
BXAL1,2026-09-29 12:56,Stage,ft,Flow,kcfs,2026-10-06 00:00,6.0,1.56
BXAL1,2026-09-29 12:56,Stage,ft,Flow,kcfs,2026-10-06 06:00,6.0,1.56
BXAL1,2026-09-29 12:56,Stage,ft,Flow,kcfs,2026-10-06 12:00,6.0,1.56
BXAL1,2026-09-29 12:56,Stage,ft,Flow,kcfs,2026-10-06 18:00,6.0,1.56
BXAL1,2026-09-29 12:56,Stage,ft,Flow,kcfs,2026-10-07 00:00,6.0,1.56
BXAL1,2026-09-29 12:56,Stage,ft,Flow,kcfs,2026-10-07 06:00,6.0,1.56
BXAL1,2026-09-29 12:56,Stage,ft,Flow,kcfs,2026-10-07 12:00,6.0,1.56
BXAL1,2026-09-29 12:56,Stage,ft,Flow,kcfs,2026-10-07 18:00,6.0,1.56
BXAL1,2026-09-29 12:56,Stage,ft,Flow,kcfs,2026-10-08 00:00,6.0,1.56
BXAL1,2026-09-29 12:56,Stage,ft,Flow,kcfs,2026-10-08 06:00,6.0,1.56
BXAL1,2026-09-29 12:56,Stage,ft,Flow,kcfs,2026-10-08 12:00,6.0,1.56
BXAL1,2026-09-29 12:56,Stage,ft,Flow,kcfs,2026-10-08 18:00,6.0,1.56
BXAL1,2026-09-29 12:56,Stage,ft,Flow,kcfs,2026-10-09 00:00,6.0,1.56
BXAL1,2026-09-29 12:56,Stage,ft,Flow,kcfs,2026-10-09 06:00,6.0,1.56
BXAL1,2026-09-29 12:56,Stage,ft,Flow,kcfs,2026-10-09 12:00,6.0,1.56
BXAL1,2026-09-30 13:17,Stage,ft,Flow,kcfs,2026-09-30 18:00,6.1,1.62
BXAL1,2026-09-30 13:17,Stage,ft,Flow,kcfs,2026-10-01 00:00,6.1,1.62
BXAL1,2026-09-30 13:17,Stage,ft,Flow,kcfs,2026-10-01 06:00,6.1,1.62
BXAL1,2026-09-30 13:17,Stage,ft,Flow,kcfs,2026-10-01 12:00,6.1,1.62
BXAL1,2026-09-30 13:17,Stage,ft,Flow,kcfs,2026-10-01 18:00,6.1,1.62
BXAL1,2026-09-30 13:17,Stage,ft,Flow,kcfs,2026-10-02 00:00,6.1,1.62
BXAL1,2026-09-30 13:17,Stage,ft,Flow,kcfs,2026-10-02 06:00,6.1,1.62
BXAL1,2026-09-30 13:17,Stage,ft,Flow,kcfs,2026-10-02 12:00,6.1,1.62
BXAL1,2026-09-30 13:17,Stage,ft,Flow,kcfs,2026-10-02 18:00,6.1,1.62
BXAL1,2026-09-30 13:17,Stage,ft,Flow,kcfs,2026-10-03 00:00,6.1,1.62
BXAL1,2026-09-30 13:17,Stage,ft,Flow,kcfs,2026-10-03 06:00,6.1,1.62
BXAL1,2026-09-30 13:17,Stage,ft,Flow,kcfs,2026-10-03 12:00,6.1,1.62
BXAL1,2026-09-30 13:17,Stage,ft,Flow,kcfs,2026-10-03 18:00,6.1,1.62
BXAL1,2026-09-30 13:17,Stage,ft,Flow,kcfs,2026-10-04 00:00,6.1,1.62
BXAL1,2026-09-30 13:17,Stage,ft,Flow,kcfs,2026-10-04 06:00,6.1,1.62
BXAL1,2026-09-30 13:17,Stage,ft,Flow,kcfs,2026-10-04 12:00,6.1,1.62
BXAL1,2026-09-30 13:17,Stage,ft,Flow,kcfs,2026-10-04 18:00,6.1,1.62
BXAL1,2026-09-30 13:17,Stage,ft,Flow,kcfs,2026-10-05 00:00,6.1,1.62
BXAL1,2026-09-30 13:17,Stage,ft,Flow,kcfs,2026-10-05 06:00,6.1,1.62
BXAL1,2026-09-30 13:17,Stage,ft,Flow,kcfs,2026-10-05 12:00,6.1,1.62
BXAL1,2026-09-30 13:17,Stage,ft,Flow,kcfs,2026-10-05 18:00,6.1,1.62
BXAL1,2026-09-30 13:17,Stage,ft,Flow,kcfs,2026-10-06 00:00,6.1,1.62
BXAL1,2026-09-30 13:17,Stage,ft,Flow,kcfs,2026-10-06 06:00,6.0,1.56
BXAL1,2026-09-30 13:17,Stage,ft,Flow,kcfs,2026-10-06 12:00,6.0,1.56
BXAL1,2026-09-30 13:17,Stage,ft,Flow,kcfs,2026-10-06 18:00,6.0,1.56
BXAL1,2026-09-30 13:17,Stage,ft,Flow,kcfs,2026-10-07 00:00,6.0,1.56
BXAL1,2026-09-30 13:17,Stage,ft,Flow,kcfs,2026-10-07 06:00,6.0,1.56
BXAL1,2026-09-30 13:17,Stage,ft,Flow,kcfs,2026-10-07 12:00,6.0,1.56
BXAL1,2026-09-30 13:17,Stage,ft,Flow,kcfs,2026-10-07 18:00,6.0,1.56
BXAL1,2026-09-30 13:17,Stage,ft,Flow,kcfs,2026-10-08 00:00,6.0,1.56
BXAL1,2026-09-30 13:17,Stage,ft,Flow,kcfs,2026-10-08 06:00,6.0,1.56
BXAL1,2026-09-30 13:17,Stage,ft,Flow,kcfs,2026-10-08 12:00,6.0,1.56
BXAL1,2026-09-30 13:17,Stage,ft,Flow,kcfs,2026-10-08 18:00,6.0,1.56
BXAL1,2026-09-30 13:17,Stage,ft,Flow,kcfs,2026-10-09 00:00,6.0,1.56
BXAL1,2026-09-30 13:17,Stage,ft,Flow,kcfs,2026-10-09 06:00,6.0,1.56
BXAL1,2026-09-30 13:17,Stage,ft,Flow,kcfs,2026-10-09 12:00,6.0,1.56
BXAL1,2026-09-30 13:17,Stage,ft,Flow,kcfs,2026-10-09 18:00,6.0,1.56
BXAL1,2026-09-30 13:17,Stage,ft,Flow,kcfs,2026-10-10 00:00,6.0,1.56
BXAL1,2026-09-30 13:17,Stage,ft,Flow,kcfs,2026-10-10 06:00,6.0,1.56
BXAL1,2026-09-30 13:17,Stage,ft,Flow,kcfs,2026-10-10 12:00,6.0,1.56
